project,event,sample,fish,total,weight,floy,tag_applied,tag_recapture,species
LEM_IS17_RBC,0,102,1,622,3000,10340,1,0,carp
LEM_IS17_RBC,0,102,2,505,1500,10333,1,0,carp
LEM_IS17_RBC,0,102,3,396,500,10208,1,0,carp
LEM_IS17_RBC,0,102,4,648,3000,10292,1,0,carp
LEM_IS17_RBC,0,102,5,680,3500,10226,1,0,carp
LEM_IS17_RBC,0,102,6,527,2000,10265,1,0,hybrid
LEM_IS17_RBC,0,102,7,609,2500,10240,1,0,carp
LEM_IS17_RBC,0,102,8,575,2500,10277,1,0,carp
LEM_IS17_RBC,0,102,9,462,500,10293,1,0,carp
LEM_IS17_RBC,0,103,10,470,1000,10201,1,0,carp
LEM_IS17_RBC,0,103,11,398,1000,10213,1,0,carp
LEM_IS17_RBC,0,103,12,439,1500,10205,1,0,hybrid
LEM_IS17_RBC,0,103,13,607,3000,10221,1,0,carp
LEM_IS17_RBC,0,103,14,526,2000,10206,1,0,carp
LEM_IS17_RBC,0,103,15,519,1750,10222,1,0,carp
LEM_IS17_RBC,0,103,16,555,2000,10203,1,0,carp
LEM_IS17_RBC,0,103,17,535,2000,10242,1,0,carp
LEM_IS17_RBC,0,103,18,454,1500,10218,1,0,carp
LEM_IS17_RBC,0,103,19,522,1750,10210,1,0,carp
LEM_IS17_RBC,0,103,20,501,1750,10264,1,0,carp
LEM_IS17_RBC,1,3,21,423,1250,,0,0,carp
LEM_IS17_RBC,1,3,22,445,1400,,0,0,carp
LEM_IS17_RBC,1,4,23,634,3600,,0,0,carp
LEM_IS17_RBC,1,4,24,683,4200,,0,0,carp
LEM_IS17_RBC,1,4,25,577,2250,,0,0,carp
LEM_IS17_RBC,1,4,26,631,3000,,0,0,carp
LEM_IS17_RBC,1,4,27,470,1800,,0,0,carp
LEM_IS17_RBC,1,4,28,613,3400,,0,0,carp
LEM_IS17_RBC,1,4,29,658,3700,,0,0,carp
LEM_IS17_RBC,1,4,30,519,2000,,0,0,carp
LEM_IS17_RBC,1,4,31,713,4500,,0,0,carp
LEM_IS17_RBC,1,4,32,659,3600,,0,0,carp
LEM_IS17_RBC,1,4,33,560,2100,,0,0,carp
LEM_IS17_RBC,1,4,34,504,1800,,0,0,carp
LEM_IS17_RBC,1,4,35,513,1800,,0,0,carp
LEM_IS17_RBC,1,4,36,625,3000,,0,0,carp
LEM_IS17_RBC,1,4,37,674,4500,,0,0,carp
LEM_IS17_RBC,1,4,38,642,3900,,0,0,carp
LEM_IS17_RBC,1,4,39,587,2750,,0,0,carp
LEM_IS17_RBC,1,4,40,552,2400,,0,0,carp
LEM_IS17_RBC,1,4,41,552,2250,,0,0,carp
LEM_IS17_RBC,1,4,42,644,3500,,0,0,carp
LEM_IS17_RBC,1,4,43,630,3500,,0,0,carp
LEM_IS17_RBC,1,4,44,653,3700,,0,0,carp
LEM_IS17_RBC,1,5,45,360,750,,0,0,carp
LEM_IS17_RBC,1,6,46,485,1400,,0,0,carp
LEM_IS17_RBC,1,6,47,698,4750,,0,0,carp
LEM_IS17_RBC,1,6,48,327,750,,0,0,carp
LEM_IS17_RBC,1,6,49,303,600,,0,0,carp
LEM_IS17_RBC,1,9,50,607,2500,10221,0,1,carp
LEM_IS17_RBC,1,9,51,538,1800,,0,0,carp
LEM_IS17_RBC,1,9,52,624,3000,,0,0,carp
LEM_IS17_RBC,1,9,53,517,1750,,0,0,hybrid
LEM_IS17_RBC,1,9,54,583,2750,,0,0,carp
LEM_IS17_RBC,1,9,55,553,2500,,0,0,carp
LEM_IS17_RBC,1,9,56,549,2500,,0,0,carp
LEM_IS17_RBC,1,9,57,574,2750,,0,0,hybrid
LEM_IS17_RBC,1,9,58,442,1500,,0,0,carp
LEM_IS17_RBC,1,9,59,269,600,,0,0,carp
LEM_IS17_RBC,1,9,60,535,2400,,0,0,carp
LEM_IS17_RBC,1,10,61,256,250,,0,0,carp
LEM_IS17_RBC,1,12,62,507,1500,,0,0,hybrid
LEM_IS17_RBC,1,12,63,617,1600,,0,0,carp
LEM_IS17_RBC,1,12,64,611,2500,,0,0,carp
LEM_IS17_RBC,1,12,65,530,2000,,0,0,hybrid
LEM_IS17_RBC,1,12,66,581,2500,,0,0,carp
LEM_IS17_RBC,1,12,67,569,2200,,0,0,carp
LEM_IS17_RBC,1,12,68,547,1900,,0,0,carp
LEM_IS17_RBC,1,12,69,563,2400,,0,0,carp
LEM_IS17_RBC,1,12,70,538,2000,,0,0,carp
LEM_IS17_RBC,1,12,71,727,5250,,0,0,carp
LEM_IS17_RBC,1,12,72,603,2900,,0,0,carp
LEM_IS17_RBC,1,12,73,627,3000,,0,0,carp
LEM_IS17_RBC,1,12,74,648,3500,,0,0,carp
LEM_IS17_RBC,1,12,75,569,2700,,0,0,carp
LEM_IS17_RBC,1,12,76,547,2250,,0,0,carp
LEM_IS17_RBC,1,12,77,588,3000,,0,0,carp
LEM_IS17_RBC,1,12,78,611,3500,,0,0,carp
LEM_IS17_RBC,1,12,79,580,2700,,0,0,carp
LEM_IS17_RBC,1,12,80,405,1400,,0,0,carp
LEM_IS17_RBC,1,12,81,562,2500,,0,0,carp
LEM_IS17_RBC,1,12,82,582,2750,,0,0,carp
LEM_IS17_RBC,1,12,83,549,2250,,0,0,carp
LEM_IS17_RBC,1,12,84,576,2500,,0,0,carp
LEM_IS17_RBC,1,12,85,411,1000,,0,0,carp
LEM_IS17_RBC,1,15,86,667,4000,,0,0,carp
LEM_IS17_RBC,1,15,87,545,2000,,0,0,carp
LEM_IS17_RBC,1,15,88,695,5500,,0,0,carp
LEM_IS17_RBC,1,15,89,645,3500,,0,0,carp
LEM_IS17_RBC,1,15,90,653,4500,,0,0,carp
LEM_IS17_RBC,1,15,91,573,3500,,0,0,carp
LEM_IS17_RBC,1,15,92,585,3500,,0,0,carp
LEM_IS17_RBC,1,15,93,598,2500,,0,0,carp
LEM_IS17_RBC,1,15,94,487,1500,,0,0,carp
LEM_IS17_RBC,1,15,95,430,2000,,0,0,carp
LEM_IS17_RBC,1,15,96,611,4250,,0,0,carp
LEM_IS17_RBC,1,15,97,693,5500,,0,0,carp
LEM_IS17_RBC,1,15,98,593,3500,,0,0,carp
LEM_IS17_RBC,1,15,99,570,3750,,0,0,carp
LEM_IS17_RBC,1,15,100,630,4000,,0,0,carp
LEM_IS17_RBC,1,15,101,667,5250,,0,0,carp
LEM_IS17_RBC,1,15,102,347,1750,,0,0,carp
LEM_IS17_RBC,1,15,103,593,4000,,0,0,carp
LEM_IS17_RBC,1,15,104,716,6000,,0,0,carp
LEM_IS17_RBC,1,15,105,640,4500,,0,0,carp
LEM_IS17_RBC,1,15,106,580,3500,,0,0,carp
LEM_IS17_RBC,1,15,107,585,3500,,0,0,carp
LEM_IS17_RBC,1,15,108,632,4000,,0,0,carp
LEM_IS17_RBC,1,15,109,500,2500,,0,0,carp
LEM_IS17_RBC,1,15,110,655,5000,,0,0,carp
LEM_IS17_RBC,1,15,111,492,2500,,0,0,carp
LEM_IS17_RBC,1,15,112,442,2000,,0,0,carp
LEM_IS17_RBC,1,15,113,615,4000,,0,0,carp
LEM_IS17_RBC,1,15,114,658,5000,,0,0,carp
LEM_IS17_RBC,1,15,115,438,2500,,0,0,carp
LEM_IS17_RBC,1,15,116,629,3750,,0,0,carp
LEM_IS17_RBC,1,15,117,650,4750,,0,0,carp
LEM_IS17_RBC,1,15,118,648,5000,,0,0,carp
LEM_IS17_RBC,1,15,119,616,4000,,0,0,carp
LEM_IS17_RBC,1,15,120,570,3500,,0,0,carp
LEM_IS17_RBC,1,15,121,571,3500,,0,0,carp
LEM_IS17_RBC,1,15,122,573,3500,,0,0,carp
LEM_IS17_RBC,1,17,123,692,4000,,0,0,carp
LEM_IS17_RBC,1,17,124,618,3500,,0,0,carp
LEM_IS17_RBC,1,17,125,529,2000,,0,0,carp
LEM_IS17_RBC,1,17,126,609,,,0,0,carp
LEM_IS17_RBC,1,17,127,687,,,0,0,carp
LEM_IS17_RBC,1,17,128,512,,,0,0,carp
LEM_IS17_RBC,1,17,129,635,,,0,0,carp
LEM_IS17_RBC,1,17,130,482,,,0,0,hybrid
LEM_IS17_RBC,1,17,131,580,,,0,0,carp
LEM_IS17_RBC,1,17,132,533,,,0,0,carp
LEM_IS17_RBC,1,17,133,608,,,0,0,carp
LEM_IS17_RBC,1,17,134,535,,,0,0,carp
LEM_IS17_RBC,1,17,135,613,,,0,0,carp
LEM_IS17_RBC,1,17,136,570,,,0,0,carp
LEM_IS17_RBC,1,17,137,346,,,0,0,carp
LEM_IS17_RBC,1,17,138,530,,,0,0,carp
LEM_IS17_RBC,1,17,139,601,,,0,0,carp
LEM_IS17_RBC,1,17,140,640,,,0,0,carp
LEM_IS17_RBC,1,17,141,402,,,0,0,carp
LEM_IS17_RBC,1,18,142,518,,,0,0,hybrid
LEM_IS17_RBC,1,18,143,334,,,0,0,carp
LEM_IS17_RBC,1,18,144,506,,,0,0,carp
LEM_IS17_RBC,1,18,145,496,,,0,0,carp
LEM_IS17_RBC,1,18,146,496,,,0,0,carp
LEM_IS17_RBC,1,34,157,632,,,0,0,carp
LEM_IS17_RBC,1,34,158,610,,,0,0,carp
LEM_IS17_RBC,1,34,159,787,,,0,0,carp
LEM_IS17_RBC,1,34,160,600,,,0,0,carp
LEM_IS17_RBC,1,34,161,563,,,0,0,carp
LEM_IS17_RBC,1,34,162,498,,,0,0,carp
LEM_IS17_RBC,1,34,163,640,,,0,0,carp
LEM_IS17_RBC,1,34,164,620,,,0,0,carp
LEM_IS17_RBC,1,34,165,583,,,0,0,carp
LEM_IS17_RBC,1,34,166,532,,,0,0,carp
LEM_IS17_RBC,1,34,167,581,,,0,0,carp
LEM_IS17_RBC,1,34,168,565,,,0,0,carp
LEM_IS17_RBC,1,36,169,626,,,0,0,carp
LEM_IS17_RBC,1,37,170,655,,,0,0,carp
LEM_IS17_RBC,1,37,171,576,,,0,0,carp
LEM_IS17_RBC,1,37,172,670,,,0,0,carp
LEM_IS17_RBC,2,39,173,609,,,0,0,carp
LEM_IS17_RBC,2,39,174,585,,,0,0,carp
LEM_IS17_RBC,2,39,175,633,,,0,0,carp
LEM_IS17_RBC,2,39,176,576,,,0,0,carp
LEM_IS17_RBC,2,39,177,655,,,0,0,carp
LEM_IS17_RBC,2,39,178,621,,,0,0,carp
LEM_IS17_RBC,2,39,179,590,,,0,0,carp
LEM_IS17_RBC,2,39,180,618,,,0,0,carp
LEM_IS17_RBC,2,39,181,629,,,0,0,carp
LEM_IS17_RBC,2,39,182,589,,,0,0,carp
LEM_IS17_RBC,2,39,183,621,,,0,0,carp
LEM_IS17_RBC,2,39,184,676,,,0,0,carp
LEM_IS17_RBC,2,39,185,650,,,0,0,carp
LEM_IS17_RBC,2,39,186,544,,,0,0,carp
LEM_IS17_RBC,2,39,187,489,,,0,0,hybrid
LEM_IS17_RBC,2,39,188,459,,,0,0,carp
LEM_IS17_RBC,2,39,189,559,,,0,0,carp
LEM_IS17_RBC,2,39,190,583,,,0,0,carp
LEM_IS17_RBC,2,39,191,641,,,0,0,carp
LEM_IS17_RBC,2,39,192,604,,,0,0,carp
LEM_IS17_RBC,2,39,193,480,,,0,0,carp
LEM_IS17_RBC,2,39,194,630,,,0,0,carp
LEM_IS17_RBC,2,39,195,503,,,0,0,carp
LEM_IS17_RBC,2,39,196,640,,,0,0,carp
LEM_IS17_RBC,2,39,197,590,,,0,0,carp
LEM_IS17_RBC,2,39,198,626,,,0,0,carp
LEM_IS17_RBC,2,39,199,704,,,0,0,carp
LEM_IS17_RBC,2,39,200,601,,,0,0,carp
LEM_IS17_RBC,2,39,201,605,,,0,0,carp
LEM_IS17_RBC,2,39,202,526,,,0,0,carp
LEM_IS17_RBC,2,39,203,627,,,0,0,carp
LEM_IS17_RBC,2,40,204,591,,,0,0,carp
LEM_IS17_RBC,2,40,205,532,,,0,0,carp
LEM_IS17_RBC,2,41,206,596,,,0,0,carp
LEM_IS17_RBC,2,41,207,601,,,0,0,carp
LEM_IS17_RBC,2,41,208,718,,,0,0,carp
LEM_IS17_RBC,2,41,209,625,,,0,0,carp
LEM_IS17_RBC,2,41,210,633,,,0,0,carp
LEM_IS17_RBC,2,41,211,623,,,0,0,carp
LEM_IS17_RBC,2,41,212,652,,,0,0,carp
LEM_IS17_RBC,2,41,213,608,,,0,0,carp
LEM_IS17_RBC,2,41,214,689,,,0,0,carp
LEM_IS17_RBC,2,41,215,592,,,0,0,carp
LEM_IS17_RBC,2,41,216,600,,,0,0,carp
LEM_IS17_RBC,2,41,217,661,,,0,0,carp
LEM_IS17_RBC,2,41,218,613,,,0,0,carp
LEM_IS17_RBC,2,41,219,714,,,0,0,carp
LEM_IS17_RBC,2,41,220,591,,,0,0,carp
LEM_IS17_RBC,2,41,221,593,,,0,0,carp
LEM_IS17_RBC,2,41,222,642,,,0,0,carp
LEM_IS17_RBC,2,41,223,584,,,0,0,carp
LEM_IS17_RBC,2,41,224,586,,,0,0,carp
LEM_IS17_RBC,2,41,225,626,,,0,0,carp
LEM_IS17_RBC,2,41,226,549,,,0,0,carp
LEM_IS17_RBC,2,41,227,660,,,0,0,carp
LEM_IS17_RBC,2,41,228,547,,,0,0,carp
LEM_IS17_RBC,2,41,229,704,,,0,0,carp
LEM_IS17_RBC,2,41,230,650,,,0,0,carp
LEM_IS17_RBC,2,41,231,645,,,0,0,carp
LEM_IS17_RBC,2,41,232,548,,,0,0,carp
LEM_IS17_RBC,2,41,233,678,,,0,0,carp
LEM_IS17_RBC,2,41,234,633,,,0,0,carp
LEM_IS17_RBC,2,41,235,598,,,0,0,carp
LEM_IS17_RBC,2,41,236,594,,,0,0,carp
LEM_IS17_RBC,2,41,237,621,,,0,0,carp
LEM_IS17_RBC,2,41,238,624,,,0,0,carp
LEM_IS17_RBC,2,41,239,578,,,0,0,carp
LEM_IS17_RBC,2,41,240,675,,,0,0,carp
LEM_IS17_RBC,2,41,241,592,,,0,0,carp
LEM_IS17_RBC,2,41,242,750,,,0,0,carp
LEM_IS17_RBC,2,41,243,564,,,0,0,carp
LEM_IS17_RBC,2,41,244,697,,,0,0,carp
LEM_IS17_RBC,2,41,245,680,,,0,0,carp
LEM_IS17_RBC,2,41,246,563,,,0,0,carp
LEM_IS17_RBC,2,41,247,602,,,0,0,carp
LEM_IS17_RBC,2,41,248,626,,,0,0,carp
LEM_IS17_RBC,2,41,249,720,,,0,0,carp
LEM_IS17_RBC,2,41,250,569,,,0,0,carp
LEM_IS17_RBC,2,41,251,655,,,0,0,carp
LEM_IS17_RBC,2,41,252,629,,,0,0,carp
LEM_IS17_RBC,2,41,253,643,,,0,0,carp
LEM_IS17_RBC,2,42,254,575,,,0,0,carp
LEM_IS17_RBC,2,42,255,520,,,0,0,carp
LEM_IS17_RBC,2,42,256,562,,,0,0,carp
LEM_IS17_RBC,2,42,257,663,,,0,0,carp
LEM_IS17_RBC,2,42,258,620,,,0,0,carp
LEM_IS17_RBC,2,43,259,530,,,0,0,carp
LEM_IS17_RBC,2,43,260,573,,,0,0,carp
LEM_IS17_RBC,2,43,261,599,,,0,0,carp
LEM_IS17_RBC,2,43,262,597,,,0,0,carp
LEM_IS17_RBC,2,43,263,642,,,0,0,carp
LEM_IS17_RBC,2,43,264,594,,,0,0,carp
LEM_IS17_RBC,2,43,265,490,,,0,0,carp
LEM_IS17_RBC,2,43,266,648,,,0,0,carp
LEM_IS17_RBC,2,43,267,599,,,0,0,carp
LEM_IS17_RBC,2,43,268,672,,,0,0,carp
LEM_IS17_RBC,2,43,269,605,,,0,0,carp
LEM_IS17_RBC,2,43,270,678,,,0,0,carp
LEM_IS17_RBC,2,43,271,554,,,0,0,carp
LEM_IS17_RBC,2,43,272,667,,,0,0,carp
LEM_IS17_RBC,2,43,273,670,,,0,0,carp
LEM_IS17_RBC,2,43,274,539,,,0,0,carp
LEM_IS17_RBC,2,43,275,512,,,0,0,carp
LEM_IS17_RBC,2,43,276,655,,,0,0,carp
LEM_IS17_RBC,2,43,277,633,,,0,0,carp
LEM_IS17_RBC,2,43,278,613,,,0,0,carp
LEM_IS17_RBC,2,43,279,745,,,0,0,carp
LEM_IS17_RBC,2,43,280,664,,,0,0,carp
LEM_IS17_RBC,2,43,281,617,,,0,0,carp
LEM_IS17_RBC,2,43,282,653,,,0,0,carp
LEM_IS17_RBC,2,43,283,638,,,0,0,carp
LEM_IS17_RBC,2,43,284,611,,,0,0,carp
LEM_IS17_RBC,2,43,285,665,,,0,0,carp
LEM_IS17_RBC,2,43,286,805,,,0,0,carp
LEM_IS17_RBC,2,43,287,620,,,0,0,carp
LEM_IS17_RBC,2,43,288,613,,,0,0,carp
LEM_IS17_RBC,2,43,289,495,,,0,0,carp
LEM_IS17_RBC,2,43,290,502,,,0,0,carp
LEM_IS17_RBC,2,43,291,612,,,0,0,carp
LEM_IS17_RBC,2,43,292,538,,,0,0,carp
LEM_IS17_RBC,2,43,293,668,,,0,0,carp
LEM_IS17_RBC,2,43,294,659,,,0,0,carp
LEM_IS17_RBC,2,43,295,574,,,0,0,carp
LEM_IS17_RBC,2,43,296,580,,,0,0,carp
LEM_IS17_RBC,2,43,297,567,,,0,0,carp
LEM_IS17_RBC,2,44,298,570,,,0,0,carp
LEM_IS17_RBC,2,44,299,614,,,0,0,carp
LEM_IS17_RBC,2,44,300,638,,,0,0,carp
LEM_IS17_RBC,2,44,301,644,,,0,0,carp
LEM_IS17_RBC,2,44,302,672,,,0,0,carp
LEM_IS17_RBC,2,44,303,555,,,0,0,carp
LEM_IS17_RBC,2,44,304,642,,,0,0,carp
LEM_IS17_RBC,2,44,305,657,,,0,0,carp
LEM_IS17_RBC,2,44,306,548,,,0,0,carp
LEM_IS17_RBC,2,44,307,703,,,0,0,carp
LEM_IS17_RBC,2,44,308,605,,,0,0,carp
LEM_IS17_RBC,2,44,309,626,,,0,0,carp
LEM_IS17_RBC,2,44,310,584,,,0,0,carp
LEM_IS17_RBC,2,44,311,682,,,0,0,carp
LEM_IS17_RBC,2,44,312,540,,,0,0,carp
LEM_IS17_RBC,2,45,313,811,,,0,0,carp
LEM_IS17_RBC,2,45,314,567,,,0,0,carp
LEM_IS17_RBC,2,45,315,531,,,0,0,hybrid
LEM_IS17_RBC,2,45,316,564,,,0,0,carp
LEM_IS17_RBC,2,45,317,583,,,0,0,carp
LEM_IS17_RBC,2,45,318,648,,,0,0,carp
LEM_IS17_RBC,2,45,319,551,,,0,0,carp
LEM_IS17_RBC,2,45,320,592,,,0,0,carp
LEM_IS17_RBC,2,45,321,610,,,0,0,carp
LEM_IS17_RBC,2,45,322,640,,,0,0,carp
LEM_IS17_RBC,2,45,323,710,,,0,0,carp
LEM_IS17_RBC,2,45,324,617,,,0,0,carp
LEM_IS17_RBC,2,45,325,412,,,0,0,carp
LEM_IS17_RBC,2,45,326,683,,,0,0,carp
LEM_IS17_RBC,2,45,327,590,,,0,0,carp
LEM_IS17_RBC,2,45,328,678,,,0,0,carp
LEM_IS17_RBC,2,45,329,623,,,0,0,carp
LEM_IS17_RBC,2,45,330,637,,,0,0,carp
LEM_IS17_RBC,2,45,331,514,,,0,0,carp
LEM_IS17_RBC,2,45,332,647,,,0,0,carp
LEM_IS17_RBC,2,45,333,738,,,0,0,carp
LEM_IS17_RBC,2,45,334,493,,,0,0,hybrid
LEM_IS17_RBC,2,45,335,531,,,0,0,carp
LEM_IS17_RBC,2,45,336,611,,,0,0,carp
LEM_IS17_RBC,2,45,337,584,,,0,0,carp
LEM_IS17_RBC,2,45,338,623,,,0,0,carp
LEM_IS17_RBC,2,45,339,644,,,0,0,carp
LEM_IS17_RBC,2,45,340,548,,,0,0,carp
LEM_IS17_RBC,2,45,341,560,,,0,0,carp
LEM_IS17_RBC,2,45,342,510,,,0,0,carp
LEM_IS17_RBC,2,45,343,615,,,0,0,carp
LEM_IS17_RBC,2,45,344,483,,,0,0,carp
LEM_IS17_RBC,2,45,345,578,,,0,0,carp
LEM_IS17_RBC,2,45,346,628,,,0,0,carp
LEM_IS17_RBC,2,45,347,608,,,0,0,carp
LEM_IS17_RBC,2,45,348,507,,,0,0,carp
LEM_IS17_RBC,2,45,349,643,,,0,0,carp
LEM_IS17_RBC,2,45,350,514,,,0,0,carp
LEM_IS17_RBC,2,45,351,671,,,0,0,carp
LEM_IS17_RBC,2,45,352,548,,,0,0,carp
LEM_IS17_RBC,2,45,353,548,,,0,0,carp
LEM_IS17_RBC,2,45,354,726,,,0,0,carp
LEM_IS17_RBC,2,45,355,529,,,0,0,carp
LEM_IS17_RBC,2,45,356,564,,,0,0,carp
LEM_IS17_RBC,2,45,357,647,,,0,0,carp
LEM_IS17_RBC,2,45,358,517,,,0,0,carp
LEM_IS17_RBC,2,45,359,616,,,0,0,carp
LEM_IS17_RBC,2,45,360,605,,,0,0,carp
LEM_IS17_RBC,2,45,361,576,,,0,0,carp
LEM_IS17_RBC,2,45,362,570,,,0,0,carp
LEM_IS17_RBC,2,45,363,609,,,0,0,carp
LEM_IS17_RBC,2,45,364,538,,,0,0,carp
LEM_IS17_RBC,2,45,365,626,,,0,0,carp
LEM_IS17_RBC,2,45,366,629,,,0,0,carp
LEM_IS17_RBC,2,45,367,609,,,0,0,carp
LEM_IS17_RBC,2,45,368,697,,,0,0,carp
LEM_IS17_RBC,2,45,369,630,,,0,0,carp
LEM_IS17_RBC,2,45,370,605,,,0,0,carp
LEM_IS17_RBC,2,45,371,610,,,0,0,carp
LEM_IS17_RBC,2,45,372,607,,,0,0,carp
LEM_IS17_RBC,2,45,373,621,,,0,0,carp
LEM_IS17_RBC,2,45,374,685,,,0,0,carp
LEM_IS17_RBC,2,45,375,616,,,0,0,carp
LEM_IS17_RBC,2,45,376,658,,,0,0,carp
LEM_IS17_RBC,2,48,500,621,,,0,0,carp
LEM_IS17_RBC,2,48,501,630,,,0,0,carp
LEM_IS17_RBC,2,48,502,626,,,0,0,carp
LEM_IS17_RBC,2,48,503,580,,,0,0,carp
LEM_IS17_RBC,2,48,504,596,,,0,0,carp
LEM_IS17_RBC,2,48,505,500,,,0,0,hybrid
LEM_IS17_RBC,2,48,506,620,,,0,0,carp
LEM_IS17_RBC,2,48,507,687,,,0,0,carp
LEM_IS17_RBC,2,48,508,637,,,0,0,carp
LEM_IS17_RBC,2,48,509,589,,,0,0,carp
LEM_IS17_RBC,2,48,510,521,,,0,0,carp
LEM_IS17_RBC,2,49,511,503,,,0,0,carp
LEM_IS17_RBC,2,49,512,433,,,0,0,carp
LEM_IS17_RBC,2,49,513,621,,,0,0,carp
LEM_IS17_RBC,2,49,514,490,,,0,0,carp
LEM_IS17_RBC,2,49,515,557,,,0,0,carp
LEM_IS17_RBC,2,49,516,588,,,0,0,carp
LEM_IS17_RBC,2,49,517,641,,,0,0,carp
LEM_IS17_RBC,2,49,518,602,,,0,0,carp
LEM_IS17_RBC,2,49,519,627,,,0,0,carp
LEM_IS17_RBC,2,49,520,542,,,0,0,carp
LEM_IS17_RBC,2,49,521,670,,,0,0,carp
LEM_IS17_RBC,2,49,522,640,,,0,0,carp
LEM_IS17_RBC,2,49,523,674,,,0,0,carp
LEM_IS17_RBC,2,50,524,630,,,0,0,carp
LEM_IS17_RBC,2,50,525,636,,,0,0,carp
LEM_IS17_RBC,2,50,526,696,,,0,0,carp
LEM_IS17_RBC,2,50,527,667,,,0,0,carp
LEM_IS17_RBC,2,50,528,630,,,0,0,carp
LEM_IS17_RBC,2,50,529,550,,,0,0,carp
LEM_IS17_RBC,2,50,530,573,,,0,0,carp
LEM_IS17_RBC,2,50,531,631,,,0,0,carp
LEM_IS17_RBC,2,50,532,600,,,0,0,carp
LEM_IS17_RBC,2,50,533,603,,,0,0,carp
LEM_IS17_RBC,2,50,534,692,,,0,0,carp
LEM_IS17_RBC,2,50,535,803,,,0,0,carp
LEM_IS17_RBC,2,50,536,610,,,0,0,carp
LEM_IS17_RBC,2,50,537,687,,,0,0,carp
LEM_IS17_RBC,2,50,538,705,,,0,0,carp
LEM_IS17_RBC,2,50,539,660,,,0,0,carp
LEM_IS17_RBC,2,50,540,653,,,0,0,carp
LEM_IS17_RBC,2,50,541,606,,,0,0,carp
LEM_IS17_RBC,2,50,542,604,,,0,0,carp
LEM_IS17_RBC,2,50,543,600,,,0,0,carp
LEM_IS17_RBC,2,50,544,595,,,0,0,carp
LEM_IS17_RBC,2,50,545,602,,,0,0,carp
LEM_IS17_RBC,2,50,546,628,,,0,0,carp
LEM_IS17_RBC,2,50,547,709,,,0,0,carp
LEM_IS17_RBC,2,50,548,483,,,0,0,carp
LEM_IS17_RBC,2,50,549,598,,,0,0,carp
LEM_IS17_RBC,2,50,550,550,,,0,0,carp
LEM_IS17_RBC,2,50,551,639,,,0,0,carp
LEM_IS17_RBC,2,50,552,563,,,0,0,carp
LEM_IS17_RBC,2,50,553,491,,,0,0,carp
LEM_IS17_RBC,2,50,554,607,,,0,0,carp
LEM_IS17_RBC,2,50,555,673,,,0,0,carp
LEM_IS17_RBC,2,50,556,560,,,0,0,carp
LEM_IS17_RBC,2,50,557,642,,,0,0,carp
LEM_IS17_RBC,2,50,558,507,,,0,0,carp
LEM_IS17_RBC,2,51,559,653,,,0,0,carp
LEM_IS17_RBC,2,51,560,600,,,0,0,carp
LEM_IS17_RBC,2,51,561,604,,,0,0,carp
LEM_IS17_RBC,2,51,562,578,,,0,0,carp
LEM_IS17_RBC,2,51,563,718,,,0,0,carp
LEM_IS17_RBC,2,51,564,630,,,0,0,carp
LEM_IS17_RBC,2,51,565,536,,,0,0,carp
LEM_IS17_RBC,2,51,566,570,,,0,0,carp
LEM_IS17_RBC,2,51,567,455,,,0,0,carp
LEM_IS17_RBC,2,51,568,536,,,0,0,carp
LEM_IS17_RBC,2,52,569,583,,,0,0,carp
LEM_IS17_RBC,2,52,570,574,,,0,0,carp
LEM_IS17_RBC,2,52,571,615,,,0,0,carp
LEM_IS17_RBC,2,52,572,635,,,0,0,carp
LEM_IS17_RBC,2,52,573,601,,,0,0,carp
LEM_IS17_RBC,2,52,574,620,,,0,0,carp
LEM_IS17_RBC,2,52,575,652,,,0,0,carp
LEM_IS17_RBC,2,52,576,573,,,0,0,carp
LEM_IS17_RBC,2,52,577,617,,,0,0,carp
LEM_IS17_RBC,2,52,578,595,,,0,0,carp
LEM_IS17_RBC,2,52,579,600,,,0,0,carp
LEM_IS17_RBC,2,52,580,668,,,0,0,carp
LEM_IS17_RBC,2,52,581,597,,,0,0,carp
LEM_IS17_RBC,2,52,582,654,,,0,0,carp
LEM_IS17_RBC,2,52,583,668,,,0,0,carp
LEM_IS17_RBC,2,53,584,667,,,0,0,carp
LEM_IS17_RBC,2,53,585,594,,,0,0,carp
LEM_IS17_RBC,2,53,586,635,,,0,0,carp
LEM_IS17_RBC,2,53,587,695,,,0,0,carp
LEM_IS17_RBC,2,53,588,537,,,0,0,carp
LEM_IS17_RBC,2,53,589,632,,,0,0,carp
LEM_IS17_RBC,2,53,590,647,,,0,0,carp
LEM_IS17_RBC,2,53,591,620,,,0,0,carp
LEM_IS17_RBC,2,53,592,585,,,0,0,carp
LEM_IS17_RBC,2,53,593,668,,,0,0,carp
LEM_IS17_RBC,2,53,594,575,,,0,0,carp
LEM_IS17_RBC,2,53,595,619,,,0,0,carp
LEM_IS17_RBC,2,53,596,503,,,0,0,carp
LEM_IS17_RBC,2,53,597,717,,,0,0,carp
LEM_IS17_RBC,2,53,598,567,,,0,0,carp
LEM_IS17_RBC,2,53,599,627,,,0,0,carp
LEM_IS17_RBC,2,53,600,673,,,0,0,carp
LEM_IS17_RBC,2,53,601,618,,,0,0,carp
LEM_IS17_RBC,2,53,602,626,,,0,0,carp
LEM_IS17_RBC,2,53,603,633,,,0,0,carp
LEM_IS17_RBC,2,53,604,610,,,0,0,carp
LEM_IS17_RBC,2,53,605,655,,,0,0,carp
LEM_IS17_RBC,2,53,606,590,,,0,0,carp
LEM_IS17_RBC,2,53,607,638,,,0,0,carp
LEM_IS17_RBC,2,53,608,610,,,0,0,carp
LEM_IS17_RBC,2,53,609,536,,,0,0,carp
LEM_IS17_RBC,2,53,610,623,,,0,0,carp
LEM_IS17_RBC,2,53,611,587,,,0,0,carp
LEM_IS17_RBC,2,53,612,710,,,0,0,carp
LEM_IS17_RBC,2,53,613,608,,,0,0,carp
LEM_IS17_RBC,2,53,614,654,,,0,0,carp
LEM_IS17_RBC,2,53,615,582,,,0,0,carp
LEM_IS17_RBC,2,53,616,570,,,0,0,carp
LEM_IS17_RBC,2,53,617,660,,,0,0,carp
LEM_IS17_RBC,2,53,618,645,,,0,0,carp
LEM_IS17_RBC,2,53,619,612,,,0,0,carp
LEM_IS17_RBC,2,53,620,480,,,0,0,carp
LEM_IS17_RBC,2,53,621,511,,,0,0,carp
LEM_IS17_RBC,2,53,622,591,,,0,0,carp
LEM_IS17_RBC,2,56,623,660,,,0,0,carp
LEM_IS17_RBC,2,56,624,676,,,0,0,carp
LEM_IS17_RBC,2,56,625,646,,,0,0,carp
LEM_IS17_RBC,2,56,626,685,,,0,0,carp
LEM_IS17_RBC,2,56,627,610,,,0,0,carp
LEM_IS17_RBC,2,56,628,554,,,0,0,carp
LEM_IS17_RBC,2,56,629,665,,,0,0,carp
LEM_IS17_RBC,2,56,630,625,,,0,0,carp
LEM_IS17_RBC,2,56,631,722,,,0,0,carp
LEM_IS17_RBC,2,56,632,687,,,0,0,carp
LEM_IS17_RBC,2,56,633,602,,,0,0,carp
LEM_IS17_RBC,2,56,634,645,,,0,0,carp
LEM_IS17_RBC,2,56,635,603,,,0,0,carp
LEM_IS17_RBC,2,56,636,660,,,0,0,carp
LEM_IS17_RBC,2,56,637,496,,,0,0,carp
LEM_IS17_RBC,2,56,638,737,,,0,0,carp
LEM_IS17_RBC,2,56,639,608,,,0,0,carp
LEM_IS17_RBC,2,56,640,578,,,0,0,carp
LEM_IS17_RBC,2,56,641,677,,,0,0,carp
LEM_IS17_RBC,2,56,642,643,,,0,0,carp
LEM_IS17_RBC,2,56,643,728,,,0,0,carp
LEM_IS17_RBC,2,56,644,601,,,0,0,carp
LEM_IS17_RBC,2,56,645,568,,,0,0,carp
LEM_IS17_RBC,2,56,646,633,,,0,0,carp
LEM_IS17_RBC,2,56,647,624,,,0,0,carp
LEM_IS17_RBC,2,56,648,493,,,0,0,carp
LEM_IS17_RBC,2,56,649,627,,,0,0,carp
LEM_IS17_RBC,2,56,650,572,,,0,0,carp
LEM_IS17_RBC,2,56,651,643,,,0,0,carp
LEM_IS17_RBC,2,56,652,602,,,0,0,carp
LEM_IS17_RBC,2,56,653,587,,,0,0,carp
LEM_IS17_RBC,2,56,654,638,,,0,0,carp
LEM_IS17_RBC,2,56,655,495,,,0,0,carp
LEM_IS17_RBC,2,56,656,369,,,0,0,carp
LEM_IS17_RBC,2,56,657,717,,,0,0,carp
LEM_IS17_RBC,2,56,658,635,,,0,0,carp
LEM_IS17_RBC,2,56,659,603,,,0,0,carp
LEM_IS17_RBC,2,56,660,653,,,0,0,carp
LEM_IS17_RBC,2,56,661,648,,,0,0,carp
LEM_IS17_RBC,2,56,662,675,,,0,0,carp
LEM_IS17_RBC,2,56,663,664,,,0,0,carp
LEM_IS17_RBC,2,56,664,638,,,0,0,carp
LEM_IS17_RBC,2,56,665,680,,,0,0,carp
LEM_IS17_RBC,2,56,666,662,,,0,0,carp
LEM_IS17_RBC,2,56,667,608,,,0,0,carp
LEM_IS17_RBC,2,56,668,664,,,0,0,carp
LEM_IS17_RBC,2,56,669,598,,,0,0,carp
LEM_IS17_RBC,2,56,670,665,,,0,0,carp
LEM_IS17_RBC,2,56,671,681,,,0,0,carp
LEM_IS17_RBC,2,56,672,667,,,0,0,carp
LEM_IS17_RBC,2,56,673,664,,,0,0,carp
LEM_IS17_RBC,2,56,674,674,,,0,0,carp
LEM_IS17_RBC,2,56,675,597,,,0,0,carp
LEM_IS17_RBC,2,56,676,701,,,0,0,carp
LEM_IS17_RBC,2,56,677,674,,,0,0,carp
LEM_IS17_RBC,2,56,678,711,,,0,0,carp
LEM_IS17_RBC,2,56,679,597,,,0,0,carp
LEM_IS17_RBC,3,57,680,562,,,0,0,carp
LEM_IS17_RBC,3,57,681,602,,,0,0,carp
LEM_IS17_RBC,3,57,682,465,,,0,0,carp
LEM_IS17_RBC,3,57,683,683,,,0,0,carp
LEM_IS17_RBC,3,57,684,451,,,0,0,carp
LEM_IS17_RBC,3,57,685,562,,,0,0,carp
LEM_IS17_RBC,3,57,686,655,,,0,0,carp
LEM_IS17_RBC,3,57,687,532,,,0,0,carp
LEM_IS17_RBC,3,57,688,565,,,0,0,carp
LEM_IS17_RBC,3,57,689,684,,,0,0,carp
LEM_IS17_RBC,3,57,690,480,,,0,0,carp
LEM_IS17_RBC,3,57,691,524,,,0,0,carp
LEM_IS17_RBC,3,57,692,617,,,0,0,carp
LEM_IS17_RBC,3,57,693,619,,,0,0,carp
LEM_IS17_RBC,3,57,694,563,,,0,0,carp
LEM_IS17_RBC,3,57,695,490,,,0,0,carp
LEM_IS17_RBC,3,57,696,532,,,0,0,carp
LEM_IS17_RBC,3,57,697,635,,,0,0,carp
LEM_IS17_RBC,3,57,698,492,,,0,0,carp
LEM_IS17_RBC,3,57,699,558,,,0,0,carp
LEM_IS17_RBC,3,57,700,623,,,0,0,carp
LEM_IS17_RBC,3,57,701,560,,,0,0,carp
LEM_IS17_RBC,3,57,702,535,,,0,0,carp
LEM_IS17_RBC,3,57,703,510,,,0,0,carp
LEM_IS17_RBC,3,57,704,462,,,0,0,hybrid
LEM_IS17_RBC,3,60,705,624,,,0,0,carp
LEM_IS17_RBC,3,60,706,609,,,0,0,carp
LEM_IS17_RBC,3,60,707,604,,,0,0,carp
LEM_IS17_RBC,3,60,708,645,,,0,0,carp
LEM_IS17_RBC,3,60,709,584,,,0,0,carp
LEM_IS17_RBC,3,60,710,406,,,0,0,carp
LEM_IS17_RBC,3,60,711,434,,,0,0,carp
LEM_IS17_RBC,3,60,712,578,,,0,0,carp
LEM_IS17_RBC,3,60,713,498,,,0,0,carp
LEM_IS17_RBC,3,60,714,444,,,0,0,carp
LEM_IS17_RBC,3,61,715,435,,,0,0,carp
LEM_IS17_RBC,3,61,716,613,,,0,0,carp
LEM_IS17_RBC,3,61,717,649,,,0,0,carp
LEM_IS17_RBC,3,61,718,755,,,0,0,carp
LEM_IS17_RBC,3,61,719,583,,,0,0,carp
LEM_IS17_RBC,3,61,720,621,,,0,0,carp
LEM_IS17_RBC,3,61,721,605,,,0,0,carp
LEM_IS17_RBC,3,61,722,692,,,0,0,carp
LEM_IS17_RBC,3,61,723,603,,,0,0,carp
LEM_IS17_RBC,3,66,724,703,,,0,0,carp
LEM_IS17_RBC,3,67,725,385,,,0,0,goldfish
LEM_IS17_RBC,3,67,726,448,,,0,0,carp
LEM_IS17_RBC,3,67,727,745,,,0,0,carp
LEM_IS17_RBC,3,67,728,594,,,0,0,carp
LEM_IS17_RBC,3,67,729,654,,,0,0,carp
LEM_IS17_RBC,3,67,730,639,,,0,0,carp
LEM_IS17_RBC,3,67,731,432,,,0,0,hybrid
LEM_IS17_RBC,3,67,732,736,,,0,0,carp
LEM_IS17_RBC,3,69,733,592,,,0,0,carp
LEM_IS17_RBC,3,69,734,706,,,0,0,carp
LEM_IS17_RBC,3,69,735,587,,,0,0,carp
LEM_IS17_RBC,3,69,736,668,,,0,0,carp
LEM_IS17_RBC,3,69,737,654,,,0,0,carp
LEM_IS17_RBC,3,69,738,598,,,0,0,carp
LEM_IS17_RBC,3,69,739,587,,,0,0,carp
LEM_IS17_RBC,3,69,740,614,,,0,0,carp
LEM_IS17_RBC,3,69,741,732,,,0,0,carp
LEM_IS17_RBC,3,69,742,643,,,0,0,carp
LEM_IS17_RBC,3,69,743,543,,,0,0,carp
LEM_IS17_RBC,3,69,744,707,,,0,0,carp
LEM_IS17_RBC,3,69,745,615,,,0,0,carp
LEM_IS17_RBC,3,70,746,568,,,0,0,carp
LEM_IS17_RBC,3,71,747,740,,,0,0,carp
LEM_IS17_RBC,3,71,748,621,,,0,0,carp
LEM_IS17_RBC,3,71,749,546,,,0,0,carp
LEM_IS17_RBC,3,71,750,648,,,0,0,carp
LEM_IS17_RBC,3,71,751,619,,,0,0,carp
LEM_IS17_RBC,3,74,752,607,,,0,0,carp
LEM_IS17_RBC,3,74,753,657,,,0,0,carp
LEM_IS17_RBC,3,74,754,622,,,0,0,carp
LEM_IS17_RBC,3,74,755,609,,,0,0,carp
LEM_IS17_RBC,3,74,756,739,,,0,0,carp
LEM_IS17_RBC,3,74,757,541,,,0,0,carp
LEM_IS17_RBC,3,74,758,488,,,0,0,carp
LEM_IS17_RBC,3,74,759,610,,,0,0,carp
LEM_IS17_RBC,3,74,760,660,,,0,0,carp
LEM_IS17_RBC,3,74,761,644,,,0,0,carp
LEM_IS17_RBC,3,74,762,670,,,0,0,carp
LEM_IS17_RBC,3,74,763,626,,,0,0,carp
LEM_IS17_RBC,3,74,764,474,,,0,0,carp
LEM_IS17_RBC,3,74,765,601,,,0,0,carp
LEM_IS17_RBC,3,74,766,663,,,0,0,carp
LEM_IS17_RBC,3,74,767,581,,,0,0,carp
LEM_IS17_RBC,3,74,768,544,,,0,0,carp
LEM_IS17_RBC,3,74,769,625,,,0,0,carp
LEM_IS17_RBC,3,74,770,591,,,0,0,carp
LEM_IS17_RBC,3,74,771,407,,,0,0,carp
LEM_IS17_RBC,3,74,772,644,,,0,0,carp
LEM_IS17_RBC,3,74,773,696,,,0,0,carp
LEM_IS17_RBC,3,74,774,668,,,0,0,carp
LEM_IS17_RBC,3,74,775,457,,,0,0,carp
LEM_IS17_RBC,3,74,776,587,,,0,0,carp
LEM_IS17_RBC,3,74,777,628,,,0,0,carp
LEM_IS17_RBC,3,74,778,692,,,0,0,carp
LEM_IS17_RBC,3,74,779,617,,,0,0,carp
LEM_IS17_RBC,3,74,780,560,,,0,0,carp
LEM_IS17_RBC,3,74,781,623,,,0,0,carp
LEM_IS17_RBC,3,74,782,658,,,0,0,carp
LEM_IS17_RBC,3,74,783,631,,,0,0,carp
LEM_IS17_RBC,3,74,784,671,,,0,0,carp
LEM_IS17_RBC,3,74,785,671,,,0,0,carp
LEM_IS17_RBC,3,74,786,674,,,0,0,carp
LEM_IS17_RBC,3,74,787,657,,,0,0,carp
LEM_IS17_RBC,3,74,788,673,,,0,0,carp
LEM_IS17_RBC,3,74,789,435,,,0,0,carp
LEM_IS17_RBC,3,74,790,634,,,0,0,carp
LEM_IS17_RBC,3,74,791,441,,,0,0,carp
LEM_IS17_RBC,3,74,792,542,,,0,0,carp
LEM_IS17_RBC,3,74,793,646,,,0,0,carp
LEM_IS17_RBC,3,74,794,610,,,0,0,carp
LEM_IS17_RBC,3,74,795,756,,,0,0,carp
LEM_IS17_RBC,3,74,796,637,,,0,0,carp
LEM_IS17_RBC,3,74,797,650,,,0,0,carp
LEM_IS17_RBC,3,74,798,237,,,0,0,goldfish
LEM_IS17_RBC,3,74,799,590,,,0,0,carp
LEM_IS17_RBC,3,74,800,693,,,0,0,carp
LEM_IS17_RBC,3,74,801,361,,,0,0,carp
LEM_IS17_RBC,3,74,802,679,,,0,0,carp
LEM_IS17_RBC,3,74,803,612,,,0,0,carp
LEM_IS17_RBC,3,74,804,662,,,0,0,carp
LEM_IS17_RBC,3,74,805,716,,,0,0,carp
LEM_IS17_RBC,3,74,806,605,,,0,0,carp
LEM_IS17_RBC,3,74,807,740,,,0,0,carp
LEM_IS17_RBC,3,74,808,345,,,0,0,carp
LEM_IS17_RBC,3,74,809,653,,,0,0,carp
LEM_IS17_RBC,3,74,810,585,,,0,0,carp
LEM_IS17_RBC,3,74,811,730,,,0,0,carp
LEM_IS17_RBC,3,74,812,605,,,0,0,carp
LEM_IS17_RBC,3,74,813,644,,,0,0,carp
LEM_IS17_RBC,3,74,814,725,,,0,0,carp
LEM_IS17_RBC,3,74,815,662,,,0,0,carp
LEM_IS17_RBC,3,74,816,674,,,0,0,carp
LEM_IS17_RBC,3,74,817,560,,,0,0,carp
LEM_IS17_RBC,3,74,818,629,,,0,0,carp
LEM_IS17_RBC,3,74,819,639,,,0,0,carp
LEM_IS17_RBC,3,74,820,620,,,0,0,carp
LEM_IS17_RBC,3,74,821,616,,,0,0,carp
LEM_IS17_RBC,3,74,822,479,,,0,0,carp
LEM_IS17_RBC,3,74,823,630,,,0,0,carp
LEM_IS17_RBC,3,74,824,583,,,0,0,carp
LEM_IS17_RBC,3,74,825,710,,,0,0,carp
LEM_IS17_RBC,3,74,826,552,,,0,0,carp
LEM_IS17_RBC,3,74,827,607,,,0,0,carp
LEM_IS17_RBC,3,74,828,622,,,0,0,carp
LEM_IS17_RBC,3,74,829,665,,,0,0,carp
LEM_IS17_RBC,3,74,830,641,,,0,0,carp
LEM_IS17_RBC,3,74,831,647,,,0,0,carp
LEM_IS17_RBC,3,74,832,616,,,0,0,carp
LEM_IS17_RBC,3,74,833,665,,,0,0,carp
LEM_IS17_RBC,3,74,834,657,,,0,0,carp
LEM_IS17_RBC,3,74,835,606,,,0,0,carp
LEM_IS17_RBC,3,74,836,609,,,0,0,carp
LEM_IS17_RBC,3,74,837,665,,,0,0,carp
LEM_IS17_RBC,3,74,838,591,,,0,0,carp
LEM_IS17_RBC,3,74,839,637,,,0,0,carp
LEM_IS17_RBC,3,74,840,602,,,0,0,carp
LEM_IS17_RBC,3,74,841,686,,,0,0,carp
LEM_IS17_RBC,3,74,842,620,,,0,0,carp
LEM_IS17_RBC,3,74,843,486,,,0,0,carp
LEM_IS17_RBC,3,74,844,482,,,0,0,carp
LEM_IS17_RBC,3,74,845,600,,,0,0,carp
LEM_IS17_RBC,3,74,846,605,,,0,0,carp
LEM_IS17_RBC,3,74,847,635,,,0,0,carp
LEM_IS17_RBC,3,74,848,540,,,0,0,carp
LEM_IS17_RBC,3,74,849,696,,,0,0,carp
LEM_IS17_RBC,3,74,850,608,,,0,0,carp
LEM_IS17_RBC,3,74,851,512,,,0,0,carp
LEM_IS17_RBC,3,74,852,649,,,0,0,carp
LEM_IS17_RBC,3,74,853,572,,,0,0,carp
LEM_IS17_RBC,3,74,854,662,,,0,0,carp
LEM_IS17_RBC,3,74,855,705,,,0,0,carp
LEM_IS17_RBC,3,74,856,632,,,0,0,carp
LEM_IS17_RBC,3,74,857,552,,,0,0,carp
LEM_IS17_RBC,3,74,858,590,,,0,0,carp
LEM_IS17_RBC,3,74,859,592,,,0,0,carp
LEM_IS17_RBC,3,74,860,718,,,0,0,carp
LEM_IS17_RBC,3,74,861,660,,,0,0,carp
LEM_IS17_RBC,3,74,862,627,,,0,0,carp
LEM_IS17_RBC,3,74,863,646,,,0,0,carp
LEM_IS17_RBC,3,74,864,575,,,0,0,carp
LEM_IS17_RBC,3,74,865,701,,,0,0,carp
LEM_IS17_RBC,3,74,866,712,,,0,0,carp
LEM_IS17_RBC,3,74,867,692,,,0,0,carp
LEM_IS17_RBC,3,74,868,601,,,0,0,carp
LEM_IS17_RBC,3,74,869,655,,,0,0,carp
LEM_IS17_RBC,3,74,870,680,,,0,0,carp
LEM_IS17_RBC,3,74,871,670,,,0,0,carp
LEM_IS17_RBC,3,74,872,712,,,0,0,carp
LEM_IS17_RBC,3,74,873,680,,,0,0,carp
LEM_IS17_RBC,3,74,874,627,,,0,0,carp
LEM_IS17_RBC,3,74,875,512,,,0,0,carp
LEM_IS17_RBC,3,74,876,653,,,0,0,carp
LEM_IS17_RBC,3,74,877,648,,,0,0,carp
LEM_IS17_RBC,3,74,878,736,,,0,0,carp
LEM_IS17_RBC,3,74,879,732,,,0,0,carp
LEM_IS17_RBC,3,74,880,628,,,0,0,carp
LEM_IS17_RBC,3,74,881,641,,,0,0,carp
LEM_IS17_RBC,3,74,882,632,,,0,0,carp
LEM_IS17_RBC,3,74,883,581,,,0,0,carp
LEM_IS17_RBC,3,74,884,622,,,0,0,carp
LEM_IS17_RBC,3,74,885,572,,,0,0,carp
LEM_IS17_RBC,3,74,886,721,,,0,0,carp
LEM_IS17_RBC,3,74,887,630,,,0,0,carp
LEM_IS17_RBC,3,74,888,712,,,0,0,carp
LEM_IS17_RBC,3,74,889,710,,,0,0,carp
LEM_IS17_RBC,3,74,890,517,,,0,0,carp
LEM_IS17_RBC,3,74,891,578,,,0,0,carp
LEM_IS17_RBC,3,74,892,614,,,0,0,carp
LEM_IS17_RBC,3,74,893,570,,,0,0,carp
LEM_IS17_RBC,3,74,894,570,,,0,0,carp
LEM_IS17_RBC,3,75,895,690,,,0,0,carp
LEM_IS17_RBC,3,75,896,683,,,0,0,carp
LEM_IS17_RBC,3,75,897,632,,,0,0,carp
LEM_IS17_RBC,3,75,898,720,,,0,0,carp
LEM_IS17_RBC,3,75,899,591,,,0,0,carp
LEM_IS17_RBC,3,75,900,634,,,0,0,carp
LEM_IS17_RBC,3,75,901,641,,,0,0,carp
LEM_IS17_RBC,3,75,902,733,,,0,0,carp
LEM_IS17_RBC,3,75,903,655,,,0,0,carp
LEM_IS17_RBC,3,75,904,796,,,0,0,carp
LEM_IS17_RBC,3,75,905,653,,,0,0,carp
LEM_IS17_RBC,3,75,906,638,,,0,0,carp
LEM_IS17_RBC,3,75,907,564,,,0,0,carp
LEM_IS17_RBC,3,75,908,719,,,0,0,carp
LEM_IS17_RBC,3,75,909,705,,,0,0,carp
LEM_IS17_RBC,3,75,910,687,,,0,0,carp
LEM_IS17_RBC,3,75,911,635,,,0,0,carp
LEM_IS17_RBC,3,75,912,598,,,0,0,carp
LEM_IS17_RBC,3,75,913,660,,,0,0,carp
LEM_IS17_RBC,3,79,914,631,,,0,0,carp
LEM_IS17_RBC,3,79,915,624,,,0,0,carp
LEM_IS17_RBC,3,79,916,692,,,0,0,carp
LEM_IS17_RBC,3,79,917,720,,,0,0,carp
LEM_IS17_RBC,3,79,918,630,,,0,0,carp
LEM_IS17_RBC,3,79,919,502,,,0,0,carp
LEM_IS17_RBC,3,79,920,649,,,0,0,carp
LEM_IS17_RBC,3,79,921,650,,,0,0,carp
LEM_IS17_RBC,3,79,922,648,,,0,0,carp
LEM_IS17_RBC,3,79,923,407,,,0,0,carp
LEM_IS17_RBC,3,79,924,382,,,0,0,hybrid
LEM_IS17_RBC,3,79,925,622,,,0,0,carp
LEM_IS17_RBC,3,79,926,646,,,0,0,carp
LEM_IS17_RBC,3,79,927,618,,,0,0,carp
LEM_IS17_RBC,3,79,928,615,,,0,0,carp
LEM_IS17_RBC,3,79,929,580,,,0,0,carp
LEM_IS17_RBC,3,79,930,707,,,0,0,carp
LEM_IS17_RBC,3,79,931,527,,,0,0,carp
LEM_IS17_RBC,3,79,932,608,,,0,0,carp
LEM_IS17_RBC,3,79,933,608,,,0,0,carp
LEM_IS17_RBC,3,79,934,658,,,0,0,carp
LEM_IS17_RBC,3,79,935,645,,,0,0,carp
LEM_IS17_RBC,3,79,936,610,,,0,0,carp
LEM_IS17_RBC,3,79,937,588,,,0,0,carp
LEM_IS17_RBC,3,79,938,616,,,0,0,carp
LEM_IS17_RBC,3,79,939,708,,,0,0,carp
LEM_IS17_RBC,3,79,940,653,,,0,0,carp
LEM_IS17_RBC,3,79,941,644,,,0,0,carp
LEM_IS17_RBC,3,79,942,646,,,0,0,carp
LEM_IS17_RBC,3,79,943,582,,,0,0,carp
LEM_IS17_RBC,3,79,944,600,,,0,0,carp
LEM_IS17_RBC,3,79,945,633,,,0,0,carp
LEM_IS17_RBC,3,79,946,635,,,0,0,carp
LEM_IS17_RBC,3,79,947,712,,,0,0,carp
LEM_IS17_RBC,3,79,948,181,,,0,0,carp
LEM_IS17_RBC,3,79,949,658,,,0,0,carp
LEM_IS17_RBC,3,79,950,590,,,0,0,carp
LEM_IS17_RBC,3,79,951,687,,,0,0,carp
LEM_IS17_RBC,3,79,952,390,,,0,0,hybrid
LEM_IS17_RBC,3,79,953,566,,,0,0,carp
LEM_IS17_RBC,3,79,954,532,,,0,0,carp
LEM_IS17_RBC,3,79,955,487,,,0,0,carp
LEM_IS17_RBC,3,79,956,824,,,0,0,carp
LEM_IS17_RBC,3,79,957,461,,,0,0,carp
LEM_IS17_RBC,3,79,958,613,,,0,0,carp
LEM_IS17_RBC,3,79,959,612,,,0,0,carp
LEM_IS17_RBC,3,79,960,588,,,0,0,carp
LEM_IS17_RBC,3,79,961,568,,,0,0,carp
LEM_IS17_RBC,3,79,962,620,,,0,0,carp
LEM_IS17_RBC,3,79,963,557,,,0,0,carp
LEM_IS17_RBC,3,79,964,640,,,0,0,carp
LEM_IS17_RBC,3,79,965,655,,,0,0,carp
LEM_IS17_RBC,3,79,966,609,,,0,0,carp
LEM_IS17_RBC,3,79,967,667,,,0,0,carp
LEM_IS17_RBC,3,79,968,616,,,0,0,carp
LEM_IS17_RBC,3,79,969,641,,,0,0,carp
LEM_IS17_RBC,3,79,970,612,,,0,0,carp
LEM_IS17_RBC,3,80,971,636,,,0,0,carp
LEM_IS17_RBC,3,80,972,691,,,0,0,carp
LEM_IS17_RBC,3,80,973,740,,,0,0,carp
LEM_IS17_RBC,3,80,974,722,,,0,0,carp
LEM_IS17_RBC,3,80,975,643,,,0,0,carp
LEM_IS17_RBC,3,80,976,647,,,0,0,carp
LEM_IS17_RBC,3,80,977,533,,,0,0,carp
LEM_IS17_RBC,3,80,978,695,,,0,0,carp
LEM_IS17_RBC,3,80,979,626,,,0,0,carp
LEM_IS17_RBC,3,80,980,580,,,0,0,carp
LEM_IS17_RBC,3,80,981,475,,,0,0,carp
LEM_IS17_RBC,3,80,982,647,,,0,0,carp
LEM_IS17_RBC,3,80,983,637,,,0,0,carp
LEM_IS17_RBC,3,80,984,672,,,0,0,carp
LEM_IS17_RBC,3,80,985,490,,,0,0,carp
LEM_IS17_RBC,3,80,986,634,,,0,0,carp
LEM_IS17_RBC,3,80,987,650,,,0,0,carp
LEM_IS17_RBC,3,80,988,572,,,0,0,carp
LEM_IS17_RBC,3,80,989,685,,,0,0,carp
LEM_IS17_RBC,3,80,990,602,,,0,0,carp
LEM_IS17_RBC,3,80,991,626,,,0,0,carp
LEM_IS17_RBC,3,80,992,615,,,0,0,carp
LEM_IS17_RBC,3,80,993,732,,,0,0,carp
LEM_IS17_RBC,3,80,994,624,,,0,0,carp
LEM_IS17_RBC,3,80,995,649,,,0,0,carp
LEM_IS17_RBC,3,80,996,603,,,0,0,carp
LEM_IS17_RBC,3,80,997,720,,,0,0,carp
LEM_IS17_RBC,3,80,998,707,,,0,0,carp
LEM_IS17_RBC,3,80,999,664,,,0,0,carp
LEM_IS17_RBC,3,80,1000,678,,,0,0,carp
LEM_IS17_RBC,3,80,1001,670,,,0,0,carp
LEM_IS17_RBC,3,80,1002,688,,,0,0,carp
LEM_IS17_RBC,3,80,1003,860,,,0,0,carp
LEM_IS17_RBC,3,80,1004,660,,,0,0,carp
LEM_IS17_RBC,3,80,1005,673,,,0,0,carp
LEM_IS17_RBC,3,80,1006,600,,,0,0,carp
LEM_IS17_RBC,3,80,1007,654,,,0,0,carp
LEM_IS17_RBC,3,80,1008,600,,,0,0,carp
LEM_IS17_RBC,3,80,1009,604,,,0,0,carp
LEM_IS17_RBC,3,80,1010,604,,,0,0,carp
LEM_IS17_RBC,3,80,1011,604,,,0,0,carp
LEM_IS17_RBC,3,80,1012,611,,,0,0,carp
LEM_IS17_RBC,3,80,1013,652,,,0,0,carp
LEM_IS17_RBC,3,80,1014,630,,,0,0,carp
LEM_IS17_RBC,3,80,1015,623,,,0,0,carp
LEM_IS17_RBC,3,80,1016,640,,,0,0,carp
LEM_IS17_RBC,3,80,1017,565,,,0,0,carp
LEM_IS17_RBC,3,80,1018,663,,,0,0,carp
LEM_IS17_RBC,3,80,1019,693,,,0,0,carp
LEM_IS17_RBC,3,80,1020,714,,,0,0,carp
LEM_IS17_RBC,3,80,1021,637,,,0,0,carp
LEM_IS17_RBC,3,80,1022,608,,,0,0,carp
LEM_IS17_RBC,3,80,1023,741,,,0,0,carp
LEM_IS17_RBC,3,80,1024,533,,,0,0,carp
LEM_IS17_RBC,3,80,1025,449,,,0,0,carp
LEM_IS17_RBC,3,80,1026,594,,,0,0,carp
LEM_IS17_RBC,3,80,1027,662,,,0,0,carp
LEM_IS17_RBC,3,80,1028,547,,,0,0,carp
LEM_IS17_RBC,3,80,1029,662,,,0,0,carp
LEM_IS17_RBC,3,80,1030,494,,,0,0,carp
LEM_IS17_RBC,3,80,1031,796,,,0,0,carp
LEM_IS17_RBC,3,80,1032,606,,,0,0,carp
LEM_IS17_RBC,3,80,1033,633,,,0,0,carp
LEM_IS17_RBC,3,80,1034,537,,,0,0,carp
LEM_IS17_RBC,3,80,1035,670,,,0,0,carp
LEM_IS17_RBC,3,80,1036,830,,,0,0,carp
LEM_IS17_RBC,3,80,1037,519,,,0,0,carp
LEM_IS17_RBC,3,80,1038,645,,,0,0,carp
LEM_IS17_RBC,3,80,1039,693,,,0,0,carp
LEM_IS17_RBC,3,80,1040,719,,,0,0,carp
LEM_IS17_RBC,3,80,1041,720,,,0,0,carp
LEM_IS17_RBC,3,80,1042,673,,,0,0,carp
LEM_IS17_RBC,3,80,1043,663,,,0,0,carp
LEM_IS17_RBC,3,80,1044,625,,,0,0,carp
LEM_IS17_RBC,3,80,1045,612,,,0,0,carp
LEM_IS17_RBC,3,80,1046,778,,,0,0,carp
LEM_IS17_RBC,3,80,1047,625,,,0,0,carp
LEM_IS17_RBC,3,80,1048,682,,,0,0,carp
LEM_IS17_RBC,3,80,1049,685,,,0,0,carp
LEM_IS17_RBC,3,80,1050,791,,,0,0,carp
LEM_IS17_RBC,3,80,1051,642,,,0,0,carp
LEM_IS17_RBC,3,80,1052,595,,,0,0,carp
LEM_IS17_RBC,3,80,1053,663,,,0,0,carp
LEM_IS17_RBC,3,80,1054,715,,,0,0,carp
LEM_IS17_RBC,3,80,1055,670,,,0,0,carp
LEM_IS17_RBC,3,80,1056,557,,,0,0,carp
LEM_IS17_RBC,3,80,1057,580,,,0,0,carp
LEM_IS17_RBC,3,80,1058,866,,,0,0,carp
LEM_IS17_RBC,3,80,1059,595,,,0,0,carp
LEM_IS17_RBC,3,80,1060,503,,,0,0,carp
LEM_IS17_RBC,3,80,1061,561,,,0,0,carp
LEM_IS17_RBC,3,80,1062,626,,,0,0,carp
LEM_IS17_RBC,3,80,1063,707,,,0,0,carp
LEM_IS17_RBC,3,80,1064,627,,,0,0,carp
LEM_IS17_RBC,3,80,1065,618,,,0,0,carp
LEM_IS17_RBC,3,80,1066,647,,,0,0,carp
LEM_IS17_RBC,3,80,1067,397,,,0,0,hybrid
LEM_IS17_RBC,3,80,1068,696,,,0,0,carp
LEM_IS17_RBC,3,80,1069,683,,,0,0,carp
LEM_IS17_RBC,3,80,1070,632,,,0,0,carp
LEM_IS17_RBC,3,80,1071,697,,,0,0,carp
LEM_IS17_RBC,3,80,1072,623,,,0,0,carp
LEM_IS17_RBC,3,80,1073,725,,,0,0,carp
LEM_IS17_RBC,3,80,1074,804,,,0,0,carp
